Unnamed: 0,CN,JAC,AA,PA,TN,PG,Katz,Random Walk with Restart,rf,logistic
Celegans,0.8415267011197243,0.7835055986218777,0.8565568475452197,0.7566752799310941,0.7317721791559001,0.7593023255813953,0.8415913006029285,0.8863479758828595,0.8292312661498707,0.869702842377261
facebook,0.9881523303461036,0.9862677715726168,0.989326031406224,0.8326779446625049,0.7352067736396368,0.8085239929176129,0.9879362749212908,0.9903537531049816,0.9829326402324622,0.9866470414754256
NS,0.9729701193115826,0.9744923098581634,0.9737708091366628,0.6842378488719953,0.5286752542850104,0.5268275085348255,0.9899341850561364,0.9910780276633936,0.992565023052828,0.9898725935311301
PB,0.9140184360238808,0.8674217599467146,0.9159064556637152,0.9051342218311366,0.8735017293320378,0.906449553001277,0.9219661833091959,0.9274979070804844,0.9103245094624405,0.9270434227330779
Power,0.5973451327433629,0.5973451327433629,0.5973451327433629,0.5296498653328203,0.5207137360523278,0.5612947287418237,0.7743459022701038,0.8123566756444788,0.5923278183916891,0.5029607541362062
Router,0.6118639380530974,0.6115589211348257,0.6119208745445079,0.927332769390942,0.9151727615825092,0.9384841879229568,0.6756002732951588,0.7169646343050494,0.9208338755856325,0.7591342399791776
USAir,0.9474151009452676,0.9118450227564476,0.9581281363052864,0.8989730423620026,0.8616057883066869,0.8919477185202473,0.932314155677442,0.9455128953203408,0.9377406931964056,0.94763683043529
Yeast,0.9019565465437704,0.9018461930544764,0.9028926772755932,0.8582186698115329,0.7945134743692569,0.8523066377832025,0.9678221718066408,0.9765326017521636,0.9652294894506229,0.9702741014102759
