,CN,JAC,AA,PA,TN,PG
arxiv,0.9872907236449492,0.9875645767099276,0.987982206443162,0.8652187586382705,0.7919445825952622,0.8609561777396673
Celegans,0.8321564970246025,0.7653876898481216,0.845334843236522,0.7563282707167599,0.7354061195488054,0.8009370281552536
facebook,0.9882240606663274,0.9863523102770272,0.9893181652343004,0.8324624815793621,0.7346147986654414,0.8197643315868233
NS,0.9741863075196407,0.9746806691251135,0.9740749648157055,0.6806869399461992,0.5207854559706412,0.7059973634047708
PB,0.9151250099544945,0.8662013707119981,0.9175055214587748,0.9081916192988492,0.8781144425161769,0.917827277982644
Power,0.5965169346244731,0.5963798668705309,0.5965304483466927,0.5283237965065097,0.5201441335001313,0.776058317502973
Router,0.6109417235165401,0.6102317704981336,0.6110985969880294,0.9298252670871412,0.9197551969365427,0.9659302999098983
USAir,0.95210326953748,0.9198439992025519,0.9633173843700159,0.9027611642743222,0.8684522029505582,0.9194888855661882
Yeast,0.9019497316933124,0.9009963875486866,0.90292451347082,0.856082444932606,0.7925032597812353,0.8863370399420931
