,CN,JAC,AA,PA,TN,PG,Katz,Random Walk with Restart
NS,0.9741904228557206,0.9746837693449603,0.9740793087815675,0.6802803630319031,0.5204405450812022,0.5206094384739148,0.9904797461265633,0.9911819870752109
