,CN,JAC,AA,PA,TN,PG
Celegans,0.8314196808049266,0.7669030271489288,0.8443110850897736,0.7554156908665106,0.7340131407754359,0.7587334113973458
facebook,0.9882444341850432,0.9863443549586091,0.9893338252240965,0.8323770772936039,0.734486404063792,0.8085454420875371
NS,0.9741904228557206,0.9746837693449603,0.9740793087815675,0.6802803630319031,0.5204405450812022,0.5206094384739148
PB,0.9152237407761665,0.866920796054042,0.9175978719461009,0.9079649776921948,0.8776291547056396,0.9093689340164435
Power,0.5965176566803744,0.5963807084275254,0.5965311586207961,0.5280097754048653,0.5198488168442493,0.5536326006280331
Router,0.6109417235165401,0.6102317704981336,0.6110985969880294,0.9298252670871412,0.9197551969365427,0.9417657517054961
USAir,0.9509419481718648,0.9164478181098679,0.9625619071602449,0.9021057428259645,0.8679833555179816,0.897105203199386
Yeast,0.9019627701041982,0.9010116628064627,0.9029352647353486,0.8560582138053978,0.7925611080148403,0.8487955366731961
