,CN,JAC,AA,PA,TN
arxiv,0.9783938035059111,0.9710558499796168,0.974928658785161,0.7236547085201793,0.6256114961271912
Celegans,0.6807511737089202,0.5915492957746479,0.6901408450704225,0.6244131455399061,0.6244131455399061
facebook,0.9542513338630946,0.9295039164490861,0.9535702122828925,0.6712453172891361,0.5562492904983539
NS,0.9838709677419355,0.9838709677419355,0.9838709677419355,0.5120967741935484,0.42338709677419356
PB,0.803755299818292,0.6959418534221684,0.7958812840702605,0.7559055118110236,0.711084191399152
Power,1.0,1.0,1.0,0.4189189189189189,0.3783783783783784
Router,0.9776951672862454,0.9776951672862454,0.9776951672862454,0.7881040892193308,0.7657992565055762
USAir,0.7931034482758621,0.7339901477832512,0.8325123152709359,0.7635467980295566,0.729064039408867
Yeast,0.962059620596206,0.962059620596206,0.962059620596206,0.6856368563685636,0.6133694670280037
