,Katz,PG,Random Walk with Restart
NS,0.06926406926406926,0.3722943722943723,0.9826839826839827
