Unnamed: 0,CN,JAC,AA,PA,TN,PG,Katz,Random Walk with Restart,rf,logistic
Celegans,0.8472222222222222,0.7268518518518519,0.8101851851851852,0.6944444444444444,0.6481481481481481,0.6990740740740741,0.7962962962962963,0.8148148148148148,0.7870370370370371,0.8101851851851852
facebook,0.972430224642614,0.9495121397776264,0.9707283866575902,0.7545949625595644,0.6796006353528478,0.7444973905150897,0.9642614023144996,0.9729975039709552,0.9691400045382347,0.9647152257771727
NS,0.9523809523809524,0.9523809523809524,0.9523809523809524,0.6406926406926406,0.5800865800865801,0.4848484848484849,0.987012987012987,0.9913419913419912,0.9826839826839827,0.987012987012987
PB,0.8771929824561403,0.7912885662431942,0.8554143980641258,0.8360556563823351,0.8045977011494253,0.8390804597701149,0.8590441621294616,0.8608590441621294,0.852994555353902,0.8632788868723533
Power,0.1946902654867257,0.1946902654867257,0.1946902654867257,0.5088495575221239,0.4778761061946903,0.4823008849557522,0.6991150442477876,0.9491150442477876,0.49336283185840707,0.4314159292035398
Router,0.22794117647058826,0.22794117647058826,0.22794117647058826,0.8345588235294118,0.8198529411764706,0.8382352941176471,0.6323529411764706,0.6360294117647058,0.7794117647058824,0.7095588235294118
USAir,0.8995215311004785,0.8277511961722488,0.8947368421052632,0.8277511961722488,0.8277511961722488,0.8277511961722488,0.8516746411483254,0.9090909090909092,0.8995215311004785,0.9043062200956937
Yeast,0.8150134048257373,0.8150134048257373,0.8150134048257373,0.7882037533512064,0.7363717605004468,0.7721179624664879,0.93923145665773,0.9553172475424486,0.9258266309204647,0.9338695263628239
