,CN,JAC,AA,PA,TN,PG,Katz,Random Walk with Restart
Celegans,0.7407407407407407,0.5925925925925926,0.7129629629629629,0.5694444444444444,0.5787037037037037,0.5833333333333334,0.3888888888888889,0.7129629629629629
facebook,0.954617653732698,0.9312457454050375,0.9543907420013614,0.6741547538007715,0.561833446789199,0.6454504197867029,0.3410483321987747,0.9552983889267075
NS,0.9523809523809523,0.9523809523809523,0.9523809523809523,0.5281385281385281,0.3939393939393939,0.3722943722943723,0.08658008658008658,0.9826839826839827
PB,0.8052026618269812,0.6926799758015729,0.8009679370840895,0.7761645493042952,0.7223230490018149,0.779189352692075,0.3430127041742287,0.7991530550514216
Power,0.19469026548672566,0.19469026548672566,0.19469026548672566,0.39601769911504425,0.35176991150442477,0.3252212389380531,0.29867256637168144,0.9137168141592921
Router,0.22794117647058823,0.22794117647058823,0.22794117647058823,0.7610294117647058,0.7573529411764706,0.7720588235294118,0.25735294117647056,0.625
USAir,0.8277511961722488,0.7607655502392344,0.861244019138756,0.7990430622009569,0.7799043062200957,0.7607655502392344,0.3684210526315789,0.8755980861244019
Yeast,0.8150134048257373,0.8150134048257373,0.8150134048257373,0.7024128686327078,0.6184092940125112,0.6943699731903485,0.3378016085790885,0.9374441465594281
